{
  "dataset": "design2code",
  "model": "gpt4",
  "method": "direct",
  "run_id": "design2code_direct_gpt4_20251229_154731",
  "metrics": {
    "code_similarity": {
      "scores": {
        "0": 13.147204181437111,
        "1": 38.65367923618478,
        "2": 4.824594322770459,
        "3": 50.37284144427001,
        "4": 10.137806644217184
      },
      "average": 23.42722516577591
    },
    "clip": {
      "scores": {
        "0": 0.7559306621551514,
        "1": 0.7707458734512329,
        "2": 0.5944415926933289,
        "3": 0.8690993785858154,
        "4": 0.8632121682167053
      },
      "average": 0.7706859350204468
    }
  }
}